<?xml version="1.1" encoding="UTF-8" standalone="no"?>
<databaseChangeLog xmlns="http://www.liquibase.org/xml/ns/dbchangelog"
                   xmlns:xsi="http://www.w3.org/2001/XMLSchema-instance"
                   xsi:schemaLocation="http://www.liquibase.org/xml/ns/dbchangelog
    http://www.liquibase.org/xml/ns/dbchangelog/dbchangelog-3.5.xsd">

    <changeSet author="quarkus" id="create_table_2_mezovel">
        <createTable tableName="quarkus">
            <column name="ID" type="VARCHAR(255)">
                <constraints nullable="false"/>
            </column>
            <column name="NAME" type="VARCHAR(255)"/>
        </createTable>
    </changeSet>
    <changeSet author="quarkus" id="season_mezo_hozzaadasa">
        <addColumn  tableName="quarkus" >
            <column name="season"
                    position="3"
                    type="varchar(255)"/>
        </addColumn>
    </changeSet>
</databaseChangeLog>